UserID,FirstName,LastName,Email,Phone,Country,City,Age,SignupDate,Status,Score
U0001,Elijah,,,+1-357-175-1007,France,Berlin,,2024-06-25,Active,
U0002,,,david.williams497@hotmail.com,+1-952-142-7088,Canada,Tokyo,,,Suspended,66.6
U0003,Joseph,,joseph.davis964@yahoo.com,+1-551-185-8562,United Kingdom,,54,2020-02-24,,30.6
U0004,Isabella,,,+1-249-307-6236,Canada,Houston,26,2021-08-08,Active,61.2
U0005,Ethan,,ethan.martin824@outlook.com,+1-700-258-8891,Brazil,Lyon,,2025-12-20,Inactive,18.0
U0006,,,,+1-430-472-2543,United Kingdom,Melbourne,64,2026-05-23,Inactive,9.6
U0007,Sarah,,sarah.smith754@hotmail.com,,United States,,,2023-08-04,Active,
U0008,,Robinson,,+1-533-187-4743,India,Tokyo,42,2021-04-21,,28.4
U0009,Alexander,Thompson,alexander.thompson782@gmail.com,+1-924-862-5754,Italy,,,2026-06-03,Active,24.1
U0010,Charlotte,,charlotte.martin953@yahoo.com,+1-266-856-8409,,Osaka,20,2023-02-16,Suspended,
U0011,,,,+1-370-532-6936,United States,Toronto,48,,Inactive,25.3
U0012,James,Garcia,james.garcia564@gmail.com,,,,27,,Suspended,
U0013,Harper,,harper.jones861@yahoo.com,+1-356-428-2303,Italy,Birmingham,57,2024-03-01,,17.3
U0014,Sarah,,sarah.johnson381@yahoo.com,,,Tokyo,44,2020-08-26,Suspended,
U0015,,Robinson,linda.robinson643@gmail.com,+1-861-964-6715,France,Birmingham,,2024-08-14,Active,72.3
U0016,,,,,Canada,Phoenix,,,,
U0017,Michael,Jones,michael.jones749@gmail.com,+1-483-707-2656,Canada,Vancouver,,,Inactive,
U0018,Elijah,Anderson,elijah.anderson501@protonmail.com,+1-771-636-2866,India,Sao Paulo,,,Suspended,
U0019,Charles,Rodriguez,charles.rodriguez983@protonmail.com,+1-792-674-2650,United States,Osaka,,2020-11-02,,72.3
U0020,Olivia,Brown,olivia.brown857@outlook.com,+1-647-142-6302,Italy,Chicago,47,2022-03-31,Suspended,43.2
U0021,John,Robinson,,+1-652-529-8458,Brazil,Chicago,66,,Active,36.8
U0022,Linda,Sanchez,,+1-627-849-9641,Italy,Berlin,53,2024-11-18,Suspended,
U0023,Richard,Johnson,richard.johnson131@hotmail.com,+1-669-671-2009,,,43,2025-01-26,Suspended,
U0024,,Lopez,evelyn.lopez548@gmail.com,+1-388-579-7215,,Houston,50,,,4.4
U0025,,,mason.brown736@hotmail.com,+1-739-826-8599,Italy,Mumbai,50,2020-08-30,,83.7
U0026,,,,+1-789-749-8346,,New York,41,2023-11-04,Inactive,83.2
U0027,Mia,Clark,mia.clark558@outlook.com,+1-514-343-8715,,,49,2022-11-03,Suspended,
U0028,Isabella,Clark,isabella.clark530@gmail.com,+1-747-738-6188,,Chicago,18,2026-04-30,Active,
U0029,Emma,Anderson,emma.anderson808@hotmail.com,+1-314-117-1985,India,,,2020-01-10,Active,67.5
U0030,Patricia,Harris,,,India,Sydney,,2021-09-25,Active,80.0
U0031,Lucas,,lucas.white398@gmail.com,+1-534-668-2583,France,,21,2020-12-16,Inactive,
U0032,,,,,,Vancouver,39,2021-08-26,Active,
U0033,Linda,,linda.thomas611@outlook.com,,Italy,New York,,,Active,
U0034,Isabella,Davis,isabella.davis961@yahoo.com,+1-708-472-1385,Italy,,27,2021-11-19,,44.0
U0035,William,,william.wilson308@protonmail.com,+1-360-774-9607,Brazil,,25,2021-05-15,Suspended,
U0036,Patricia,Moore,patricia.moore209@yahoo.com,+1-282-226-5395,Canada,New York,30,,Active,
U0037,Lucas,Clark,,,,,,,,86.8
U0038,Emma,,emma.thomas784@protonmail.com,+1-919-765-4678,India,Los Angeles,21,,Inactive,
U0039,Mason,Clark,mason.clark51@gmail.com,,France,Melbourne,24,,Suspended,42.4
U0040,,Thomas,mason.thomas30@protonmail.com,+1-219-239-9030,Brazil,Toronto,48,2020-04-14,Inactive,65.7
U0041,James,Hernandez,james.hernandez297@yahoo.com,,,Birmingham,58,2020-07-30,,74.1
U0042,,Jones,harper.jones776@yahoo.com,,United Kingdom,Tokyo,,2022-04-15,Inactive,46.8
U0043,Emma,Jones,,+1-781-674-3840,Italy,Munich,28,2023-05-23,Active,
U0044,Logan,Sanchez,,+1-942-290-2151,,Los Angeles,31,2026-06-21,Suspended,
U0045,John,Smith,john.smith880@protonmail.com,+1-590-948-4046,United Kingdom,,29,2024-12-24,Inactive,79.6
U0046,Sarah,Taylor,,,Canada,Melbourne,59,2021-03-15,Suspended,15.3
U0047,Logan,Smith,logan.smith245@yahoo.com,+1-718-853-3706,India,Vancouver,42,,,77.4
U0048,,Ramirez,ethan.ramirez234@yahoo.com,,Brazil,,,2024-10-26,Suspended,
U0049,Isabella,Davis,,+1-349-925-8146,,,,2021-06-23,Suspended,47.2
U0050,,Thompson,charlotte.thompson223@hotmail.com,,Brazil,,,2026-05-01,,92.8
U0051,,,charlotte.sanchez445@protonmail.com,+1-829-177-1431,Japan,Vancouver,38,2023-05-28,Inactive,99.0
U0052,Richard,Robinson,richard.robinson182@outlook.com,+1-603-986-6285,United States,Birmingham,43,2022-03-28,Active,47.1
U0053,Olivia,Thomas,olivia.thomas641@hotmail.com,+1-464-548-8769,India,Los Angeles,,2025-03-22,Active,33.3
U0054,Logan,Thomas,,+1-626-151-4004,Australia,,61,2021-10-20,Active,13.3
U0055,,Sanchez,oliver.sanchez49@protonmail.com,,France,,,,Suspended,
U0056,,Lee,jessica.lee756@protonmail.com,,United Kingdom,Paris,34,,,8.7
U0057,David,Jones,,,Brazil,Toronto,52,,Inactive,
U0058,,Lewis,jessica.lewis744@gmail.com,+1-213-324-9168,Canada,,22,2024-03-29,Active,60.3
U0059,,,,+1-202-632-3961,,Lyon,37,,Inactive,37.1
U0060,David,,david.martinez985@gmail.com,,United Kingdom,Melbourne,,2024-11-15,,45.0
U0061,Richard,Jones,richard.jones716@gmail.com,+1-353-598-5876,Brazil,,24,,,22.0
U0062,John,Rodriguez,john.rodriguez146@protonmail.com,,,Sydney,65,2023-06-02,Active,23.6
U0063,Mason,Jackson,,+1-582-967-9588,,Lyon,49,2026-07-02,Active,2.4
U0064,Jacob,,jacob.miller309@yahoo.com,,,,,2023-11-15,,17.6
U0065,Charles,Lewis,charles.lewis652@protonmail.com,+1-882-811-1664,,Chicago,18,2020-02-02,Suspended,57.1
U0066,Lucas,Robinson,,+1-719-551-3251,India,Paris,64,2024-11-27,Suspended,
U0067,William,Williams,william.williams410@protonmail.com,,France,New York,41,,,65.8
U0068,John,,john.jackson431@gmail.com,,,Sao Paulo,,,,92.5
U0069,Ava,,,+1-242-171-3786,,,70,2026-04-24,Suspended,
U0070,,,richard.wilson359@yahoo.com,,United Kingdom,New York,,2022-10-05,Suspended,32.6
U0071,David,Harris,,+1-661-192-4024,Italy,Manchester,23,2020-09-04,Inactive,76.3
U0072,,,barbara.hernandez605@protonmail.com,,France,,,2020-12-10,Inactive,
U0073,,Martin,elizabeth.martin450@hotmail.com,+1-839-750-2879,,Manchester,49,2021-03-04,,26.9
U0074,,Hernandez,richard.hernandez859@yahoo.com,,,Toronto,39,2025-03-06,Active,68.8
U0075,Linda,Taylor,,,Italy,Sydney,,,,71.9
U0076,Ethan,,ethan.ramirez138@gmail.com,,Brazil,Mumbai,,2021-12-07,Active,58.8
U0077,Joseph,,joseph.jones519@gmail.com,+1-793-398-7999,Australia,,,2023-11-03,Suspended,22.8
U0078,,Lopez,harper.lopez363@outlook.com,+1-520-370-4884,Germany,Los Angeles,29,2020-10-14,Suspended,41.0
U0079,Liam,Smith,liam.smith480@yahoo.com,,,,31,2025-04-30,,96.2
U0080,Logan,Ramirez,logan.ramirez433@hotmail.com,,,,45,,Suspended,48.0
U0081,,,,+1-206-657-5560,Germany,Osaka,43,2024-06-02,,32.6
U0082,,Davis,jennifer.davis724@yahoo.com,+1-730-426-9971,Japan,Munich,,2021-02-22,Active,
U0083,David,Jones,david.jones609@outlook.com,+1-805-732-4702,,,41,2024-11-15,Inactive,
U0084,Jennifer,Lopez,jennifer.lopez260@hotmail.com,,United States,Toronto,24,2020-11-18,,35.9
U0085,Charles,,charles.jackson465@protonmail.com,+1-651-458-2936,Germany,Vancouver,,2026-03-30,Active,
U0086,,,michael.perez934@protonmail.com,+1-711-165-3690,United Kingdom,Vancouver,56,,Active,58.0
U0087,Charlotte,,charlotte.lopez864@hotmail.com,+1-459-911-6147,United Kingdom,Toronto,38,2024-07-06,Active,23.1
U0088,,Thompson,,+1-339-311-4617,,,48,2024-06-02,Suspended,34.4
U0089,,Lopez,,+1-373-942-6696,,,61,2020-02-29,Suspended,74.1
U0090,,Lopez,,+1-681-738-9304,Australia,Osaka,,,Active,51.0
U0091,Noah,Moore,noah.moore433@yahoo.com,+1-729-963-8589,,Lyon,68,2020-03-12,,
U0092,Logan,White,logan.white49@gmail.com,,Germany,,33,2020-03-21,Suspended,34.2
U0093,Mason,White,mason.white888@hotmail.com,+1-668-576-9054,,Mumbai,,,,50.0
U0094,Michael,Smith,michael.smith722@protonmail.com,+1-405-679-9439,Australia,Paris,,2020-12-27,Inactive,61.9
U0095,,Sanchez,charles.sanchez762@hotmail.com,+1-935-884-9331,United States,Munich,58,2023-08-23,Inactive,80.6
U0096,Evelyn,,evelyn.white484@gmail.com,,United Kingdom,Mumbai,,,Active,64.8
U0097,,Lee,mia.lee783@protonmail.com,,Germany,,70,2021-01-27,,47.6
U0098,Susan,Rodriguez,,+1-735-537-9018,United States,Berlin,49,,,41.1
U0099,,,logan.moore304@protonmail.com,+1-489-178-9994,,Mumbai,26,2025-07-27,Inactive,66.9
U0100,Linda,,,+1-800-786-8467,United Kingdom,New York,48,,Suspended,37.7
U0101,,Gonzalez,emma.gonzalez328@yahoo.com,+1-800-498-2280,Japan,Vancouver,45,2022-12-03,Active,
U0102,Noah,Martin,noah.martin128@protonmail.com,+1-930-830-4619,,Munich,66,2024-10-21,Suspended,80.9
U0103,,Ramirez,,+1-622-379-4223,Italy,,52,2021-04-28,Suspended,96.9
U0104,,Ramirez,,,Japan,,,2023-07-04,Active,32.5
U0105,James,,,,India,,,2025-07-22,Suspended,
U0106,Evelyn,Taylor,evelyn.taylor145@outlook.com,+1-289-632-2071,Australia,London,,2025-11-03,,10.8
U0107,Mason,,mason.williams127@hotmail.com,+1-402-478-2120,India,London,61,,Suspended,40.5
U0108,James,,james.perez670@yahoo.com,+1-535-968-9459,United Kingdom,Houston,55,2025-11-08,,97.3
U0109,,Harris,,+1-372-615-9574,United States,Vancouver,,,,
U0110,Patricia,Lee,patricia.lee307@hotmail.com,,Italy,Chicago,,2024-05-24,Suspended,
U0111,Liam,Sanchez,liam.sanchez110@hotmail.com,+1-556-425-9361,France,Osaka,,,Suspended,55.0
U0112,Patricia,Smith,patricia.smith513@hotmail.com,+1-817-196-6578,Brazil,Osaka,23,2024-07-08,Inactive,62.4
U0113,Emma,,,+1-937-562-5207,Australia,London,,,Suspended,
U0114,,Clark,logan.clark365@gmail.com,+1-281-109-7397,,Mumbai,,2021-10-08,,84.5
U0115,Evelyn,,evelyn.thomas508@gmail.com,+1-867-203-3285,United Kingdom,,23,2025-11-15,Inactive,66.9
U0116,,White,emma.white994@hotmail.com,+1-917-307-7375,United Kingdom,Toronto,58,,Suspended,55.1
U0117,,,jennifer.smith445@protonmail.com,+1-671-847-2343,Australia,Los Angeles,24,2023-12-11,Active,13.8
U0118,Jennifer,Wilson,jennifer.wilson550@hotmail.com,+1-468-674-3592,United States,Berlin,50,2024-01-03,,16.5
U0119,Noah,White,noah.white999@hotmail.com,+1-288-712-3412,Brazil,Sao Paulo,57,,,
U0120,Sophia,Garcia,sophia.garcia63@yahoo.com,,Brazil,Sao Paulo,,,,
U0121,Noah,Sanchez,noah.sanchez824@hotmail.com,,France,Sydney,52,,,44.5
U0122,Mia,Jackson,mia.jackson141@hotmail.com,,,,58,2025-06-24,,
U0123,Isabella,Gonzalez,,+1-736-914-7595,Brazil,Lyon,34,2026-03-21,Inactive,50.8
U0124,Isabella,,isabella.wilson539@protonmail.com,,Australia,Houston,19,2023-06-04,Inactive,63.6
U0125,Michael,,michael.brown951@outlook.com,,Canada,,,,Inactive,
U0126,,Moore,olivia.moore978@outlook.com,+1-455-943-4005,Japan,Toronto,,,,96.2
U0127,,Thompson,,,,Paris,54,2022-09-14,,92.7
U0128,Linda,,linda.martinez954@hotmail.com,,India,Vancouver,46,2026-06-17,,
U0129,Mia,Thompson,mia.thompson299@gmail.com,+1-889-388-4127,Brazil,Houston,,,Active,3.1
U0130,Amelia,White,amelia.white865@gmail.com,+1-309-298-7803,,,20,,Inactive,39.2
U0131,,Davis,jennifer.davis207@protonmail.com,+1-950-572-5623,United States,Sao Paulo,65,2022-12-29,Active,19.0
U0132,James,Ramirez,,+1-845-884-9453,Italy,Houston,,2021-10-05,Inactive,
U0133,Ava,Martin,,+1-714-941-9304,United Kingdom,,27,2020-12-12,,
U0134,,Lewis,james.lewis818@hotmail.com,+1-461-674-2464,Australia,,50,2026-01-06,,
U0135,,Martin,charlotte.martin943@outlook.com,,United States,,,2025-10-15,Inactive,73.2
U0136,Jennifer,,jennifer.smith584@gmail.com,+1-839-824-9667,United States,New York,,2021-12-31,Suspended,
U0137,,Johnson,james.johnson726@protonmail.com,+1-802-885-4904,Italy,,,2022-10-03,Suspended,27.2
U0138,,Miller,ava.miller297@protonmail.com,+1-347-849-8288,Brazil,,,2025-09-08,Suspended,7.8
U0139,Evelyn,,evelyn.harris387@gmail.com,+1-423-124-5926,Canada,,57,2024-08-08,Inactive,
U0140,Jennifer,Thomas,jennifer.thomas578@gmail.com,,,Munich,20,2024-07-31,Suspended,70.7
U0141,William,,william.sanchez965@protonmail.com,+1-603-638-1794,United States,London,32,2025-11-02,Inactive,48.6
U0142,,Wilson,logan.wilson315@gmail.com,+1-991-497-2075,Japan,,29,2025-05-26,,20.5
U0143,Susan,Ramirez,susan.ramirez818@outlook.com,,Italy,Manchester,68,,Active,37.3
U0144,Evelyn,Ramirez,evelyn.ramirez228@gmail.com,+1-776-861-1263,Canada,Birmingham,61,2025-07-13,Inactive,43.3
U0145,,Moore,james.moore699@outlook.com,+1-290-105-4966,Brazil,,34,2023-03-04,Suspended,58.5
U0146,,,mason.miller391@protonmail.com,+1-972-106-6132,France,Munich,38,,Inactive,50.9
U0147,,Robinson,elizabeth.robinson736@yahoo.com,,Australia,Berlin,44,2022-06-04,Active,
U0148,,,,+1-210-315-7915,Japan,Vancouver,,,,73.3
U0149,James,,james.lee948@protonmail.com,+1-827-182-1742,,,60,,Suspended,86.1
U0150,Patricia,Smith,,+1-955-894-2499,,Tokyo,,2023-10-04,Active,69.5
U0151,Emma,,emma.robinson390@yahoo.com,+1-495-974-6590,Germany,,46,2024-07-06,Suspended,30.7
U0152,Noah,Lee,,+1-252-654-3698,,Paris,,,Active,
U0153,,Lewis,david.lewis775@outlook.com,+1-652-291-2213,Japan,Phoenix,,2025-09-17,Suspended,23.1
U0154,,,,,Germany,Munich,,,,47.2
U0155,Linda,Lewis,linda.lewis513@gmail.com,,Canada,Birmingham,61,2024-12-09,Suspended,29.9
U0156,Elizabeth,,elizabeth.lewis985@outlook.com,+1-815-759-2010,,,,2023-04-29,,
U0157,Mary,,mary.clark360@hotmail.com,+1-790-938-7795,,,,,Active,82.1
U0158,Linda,Hernandez,linda.hernandez367@protonmail.com,+1-946-941-5947,Brazil,New York,61,,Active,38.4
U0159,,Brown,amelia.brown708@gmail.com,+1-932-889-2263,,Manchester,50,2025-08-14,Inactive,
U0160,Robert,Johnson,,+1-836-776-6634,,Toronto,,,Active,23.9
U0161,Susan,,susan.brown318@hotmail.com,+1-919-943-3590,Australia,Mumbai,50,,Suspended,12.4
U0162,Patricia,Clark,patricia.clark958@outlook.com,+1-380-892-2265,,Mumbai,26,,Inactive,
U0163,Jessica,Lopez,,+1-659-807-4677,United Kingdom,Manchester,64,2024-02-26,Active,39.3
U0164,Jessica,Clark,jessica.clark310@gmail.com,+1-263-215-7812,Brazil,,38,2022-02-18,Suspended,62.1
U0165,,,john.garcia907@yahoo.com,+1-791-551-2704,,,18,2022-01-03,,99.9
U0166,Ethan,Gonzalez,,+1-852-840-8140,United Kingdom,Birmingham,20,,Suspended,
U0167,Susan,Williams,susan.williams387@protonmail.com,+1-796-866-5914,,New York,,,Suspended,
U0168,Isabella,White,,+1-937-291-8830,Germany,,26,2026-06-14,Suspended,33.4
U0169,Susan,Brown,susan.brown618@hotmail.com,+1-830-769-5714,,,67,2021-11-22,,96.2
U0170,Sarah,,,+1-589-439-5125,United States,,,,Suspended,51.9
U0171,Emma,,emma.williams189@gmail.com,+1-950-459-9475,,Birmingham,,2026-03-04,Active,
U0172,,Brown,olivia.brown522@yahoo.com,,Japan,,21,,Suspended,68.4
U0173,Olivia,Gonzalez,olivia.gonzalez195@outlook.com,+1-875-238-9297,Germany,Mumbai,68,2022-12-09,,92.1
U0174,Elizabeth,Harris,elizabeth.harris953@outlook.com,,Australia,,60,,Active,10.1
U0175,,,,+1-601-809-9348,,Sao Paulo,57,2024-02-23,,31.8
U0176,,Rodriguez,mason.rodriguez152@outlook.com,+1-526-163-6664,,Birmingham,37,2025-06-17,Active,
U0177,,Jackson,david.jackson804@outlook.com,+1-796-175-8737,,Toronto,40,,,
U0178,Elizabeth,Anderson,elizabeth.anderson514@outlook.com,,Canada,,56,2023-05-09,,94.6
U0179,Richard,,richard.taylor49@protonmail.com,+1-416-366-6688,,Berlin,,,Active,
U0180,Jacob,Wilson,jacob.wilson698@hotmail.com,,India,Phoenix,70,2025-12-24,Active,18.0
U0181,,,,+1-905-772-2051,,Sydney,41,2024-01-27,Suspended,87.3
U0182,Sarah,,sarah.clark530@yahoo.com,,,,54,2022-07-11,Inactive,84.7
U0183,Lucas,,,+1-602-889-3212,Japan,Manchester,,2022-02-24,Inactive,82.9
U0184,,,,+1-903-720-4870,,Chicago,32,2026-02-18,Suspended,81.2
U0185,,Taylor,sophia.taylor81@hotmail.com,+1-517-956-6662,France,Houston,64,2023-04-28,Active,
U0186,,,,,Japan,Tokyo,,,,28.2
U0187,,Miller,elijah.miller578@hotmail.com,+1-243-618-7780,Canada,Osaka,,,Inactive,65.4
U0188,,,ava.lee737@hotmail.com,,Japan,Mumbai,69,2022-05-23,Suspended,91.9
U0189,Olivia,Clark,,,,Phoenix,19,2024-11-26,Inactive,93.4
U0190,Richard,,richard.brown891@hotmail.com,,Germany,,69,2023-10-29,,
U0191,,,jacob.jones875@protonmail.com,+1-679-714-9358,India,Lyon,29,2025-12-29,,
U0192,Ethan,Lee,ethan.lee868@yahoo.com,,,,54,2025-11-15,Active,42.0
U0193,,,mia.perez687@hotmail.com,+1-259-364-6069,,London,,,Active,
U0194,Isabella,,isabella.johnson249@hotmail.com,+1-260-368-6326,Australia,Osaka,62,2023-09-06,,19.9
U0195,John,,john.brown729@yahoo.com,+1-785-337-9845,Germany,Munich,,2023-07-27,,96.0
U0196,Alexander,Johnson,alexander.johnson835@hotmail.com,+1-754-581-8910,Australia,,66,2025-03-14,Inactive,66.4
U0197,John,Garcia,john.garcia458@protonmail.com,+1-268-476-6784,Australia,Sydney,48,2020-04-27,Suspended,7.3
U0198,Evelyn,Hernandez,,+1-554-920-1071,United States,,47,2023-11-28,Inactive,23.1
U0199,Jessica,Brown,jessica.brown201@hotmail.com,+1-221-156-4299,Italy,Paris,38,,Suspended,73.9
U0200,Alexander,Lee,,+1-991-717-9217,France,,,,Active,55.9
U0201,Lucas,Williams,,+1-431-490-5792,Germany,Vancouver,,,,
U0202,Logan,,,+1-489-412-2818,,,,,Suspended,
U0203,Amelia,Harris,,+1-407-148-6615,Germany,Phoenix,62,2021-05-05,Suspended,55.4
U0204,,,john.martinez306@protonmail.com,,,Birmingham,50,2022-12-19,,78.5
U0205,,Thompson,david.thompson231@hotmail.com,,India,Vancouver,,2024-03-23,,49.8
U0206,,Clark,,+1-572-675-4317,Brazil,,21,2021-10-26,Inactive,24.0
U0207,,Moore,olivia.moore116@gmail.com,+1-588-546-7185,Germany,,43,,,
U0208,,Taylor,jennifer.taylor330@gmail.com,+1-913-883-8944,Brazil,,,2022-01-04,,65.7
U0209,Joseph,,,,,Paris,70,,,62.9
U0210,Patricia,Taylor,,,Brazil,Lyon,40,2021-10-10,Suspended,
U0211,Jennifer,Thompson,jennifer.thompson741@protonmail.com,+1-521-456-6945,Brazil,,31,,,26.6
U0212,Sophia,Smith,sophia.smith685@hotmail.com,,United Kingdom,Lyon,,2026-05-29,Active,0.1
U0213,,,,+1-464-348-6925,Germany,,25,2020-01-27,,
U0214,Mia,,mia.wilson967@outlook.com,+1-532-432-9764,France,Berlin,26,,Suspended,0.9
U0215,,Gonzalez,,,Canada,Osaka,65,2021-01-29,Suspended,65.9
U0216,,,liam.martinez679@yahoo.com,,France,Mumbai,,2022-05-05,Suspended,92.9
U0217,John,,john.lee459@hotmail.com,,United Kingdom,Manchester,69,2024-02-12,Active,
U0218,William,Thompson,william.thompson374@hotmail.com,,Canada,Los Angeles,19,2026-06-16,Inactive,
U0219,Logan,,logan.johnson905@outlook.com,+1-847-874-6806,United States,New York,30,2025-06-13,Active,20.1
U0220,Mason,Perez,,,,,31,2025-02-09,Active,20.6
U0221,Patricia,Anderson,patricia.anderson384@hotmail.com,+1-431-543-8417,,Berlin,40,2023-02-21,Inactive,
U0222,,Perez,amelia.perez418@yahoo.com,+1-983-370-4932,,Manchester,24,2024-11-30,Inactive,88.0
U0223,Charles,,,+1-630-628-4718,,,,2022-07-04,Inactive,88.6
U0224,Sophia,Davis,,+1-905-970-9243,India,,19,2022-07-13,,
U0225,Noah,,noah.perez798@outlook.com,+1-236-378-5809,,Phoenix,,,,30.3
U0226,Olivia,,olivia.robinson249@outlook.com,+1-223-414-6906,,London,22,2022-12-10,Active,57.5
U0227,Liam,Lewis,,+1-624-494-8016,United States,London,58,,Active,
U0228,,Martin,william.martin520@protonmail.com,+1-406-340-3534,Italy,,,,Suspended,48.9
U0229,Elijah,Thompson,,,India,,,2020-05-11,Suspended,55.2
U0230,Emma,Robinson,,,United States,Lyon,,,,65.9
U0231,,,william.lewis755@hotmail.com,+1-666-925-3756,,Munich,22,2024-07-26,Inactive,55.8
U0232,,,sophia.hernandez760@gmail.com,+1-201-363-1428,United Kingdom,Houston,35,2023-09-08,Suspended,88.3
U0233,,,,,Canada,Vancouver,46,,Suspended,2.2
U0234,Alexander,Robinson,alexander.robinson733@outlook.com,,Australia,,,,Active,56.7
U0235,Lucas,Rodriguez,,+1-265-159-7174,,Paris,,,,82.4
U0236,Sarah,Moore,,,,Lyon,,,,28.7
U0237,,White,,+1-393-560-2450,Australia,Berlin,,2024-02-16,Inactive,
U0238,Joseph,Lewis,,+1-232-412-5216,United Kingdom,Paris,,2024-01-01,Active,51.7
U0239,,Garcia,,,,Berlin,,2023-09-07,,0.0
U0240,Michael,,,,Germany,,62,,,10.3
U0241,Elizabeth,Smith,,,,Lyon,37,,Active,
U0242,Oliver,,oliver.thompson561@yahoo.com,,Japan,Houston,,2025-10-26,Suspended,16.2
U0243,Mia,,,+1-363-185-7854,,Vancouver,55,,Suspended,60.7
U0244,Amelia,Martin,,+1-238-452-8692,United Kingdom,Munich,63,2023-08-24,Suspended,20.2
U0245,,White,david.white328@hotmail.com,,Japan,Birmingham,65,,,67.0
U0246,Joseph,,joseph.williams678@hotmail.com,+1-827-805-7822,,Paris,51,,Suspended,
U0247,,Martinez,,+1-372-929-9346,United States,,61,2020-11-30,Suspended,59.1
U0248,Olivia,Martinez,olivia.martinez110@yahoo.com,+1-349-701-3978,,Paris,23,2025-09-20,Suspended,13.3
U0249,Harper,,harper.jackson129@hotmail.com,,,New York,52,,,61.1
U0250,Joseph,Wilson,joseph.wilson377@yahoo.com,,Germany,Vancouver,18,2020-07-12,Inactive,44.2
U0251,,Lewis,logan.lewis991@gmail.com,+1-556-963-6160,,Birmingham,44,2021-08-06,Inactive,
U0252,Karen,Lee,karen.lee226@outlook.com,+1-246-437-2729,,Vancouver,64,2023-09-14,Inactive,69.6
U0253,Noah,Lewis,noah.lewis589@outlook.com,+1-447-142-3697,Australia,Manchester,,2025-03-11,Suspended,21.6
U0254,,Martinez,,+1-213-204-5433,Italy,Chicago,42,2020-09-02,Suspended,81.0
U0255,Lucas,,,+1-507-318-3946,Australia,Tokyo,41,,,77.5
U0256,,,olivia.robinson47@protonmail.com,+1-830-662-5032,France,Birmingham,31,2020-03-15,,81.7
U0257,,Hernandez,emma.hernandez45@protonmail.com,+1-837-863-7498,India,,67,,,
U0258,,,lucas.thomas75@yahoo.com,+1-665-956-4871,Brazil,Sao Paulo,44,,,92.4
U0259,Richard,Lewis,richard.lewis297@outlook.com,,,New York,,2024-08-30,Inactive,48.2
U0260,,Jones,,+1-289-294-2308,,Sydney,,,Suspended,73.9
U0261,,Thomas,elizabeth.thomas642@protonmail.com,+1-462-760-6257,Japan,Vancouver,41,2024-03-09,Suspended,96.0
U0262,David,Brown,david.brown858@outlook.com,+1-452-832-5800,,Houston,54,2022-04-02,Active,1.7
U0263,,Lewis,charles.lewis198@protonmail.com,,India,Osaka,27,2025-05-31,Active,75.6
U0264,Jacob,Taylor,jacob.taylor679@yahoo.com,+1-618-623-4131,,Munich,67,2024-12-28,Active,12.4
U0265,Lucas,White,lucas.white746@protonmail.com,,,,58,2020-01-25,Inactive,88.8
U0266,,,sarah.rodriguez255@protonmail.com,+1-658-644-6864,India,Toronto,42,,,
U0267,,Perez,noah.perez482@protonmail.com,+1-660-851-4018,Brazil,Mumbai,,2022-01-02,Suspended,72.7
U0268,Oliver,Garcia,oliver.garcia600@hotmail.com,+1-743-978-9858,Canada,Paris,,2025-12-28,,
U0269,Lucas,Ramirez,lucas.ramirez518@outlook.com,+1-453-465-7711,Germany,,39,,Suspended,
U0270,,Rodriguez,noah.rodriguez128@gmail.com,,Germany,Toronto,42,,,
U0271,,,sophia.ramirez531@gmail.com,+1-531-657-6943,Germany,Tokyo,23,2023-07-25,Inactive,
U0272,Ethan,Hernandez,ethan.hernandez644@yahoo.com,,Italy,,22,2025-03-14,Suspended,71.5
U0273,James,Williams,,,Italy,Houston,,2022-08-07,,
U0274,,,,,Canada,Paris,50,2024-11-18,Suspended,
U0275,William,,,+1-688-789-4855,India,Los Angeles,18,2021-06-05,Active,54.0
U0276,Mia,,mia.jackson456@hotmail.com,,,Vancouver,33,2020-05-06,Suspended,97.6
U0277,Susan,,susan.white110@outlook.com,+1-295-917-3098,Japan,,,,,35.0
U0278,,Lee,,+1-230-127-5935,,,47,2022-06-19,,90.1
U0279,Susan,Brown,,+1-821-385-2898,India,Chicago,,2020-08-22,Suspended,54.6
U0280,,,sophia.smith34@protonmail.com,,Australia,Manchester,,,Suspended,38.1
U0281,,Williams,,+1-620-332-5972,,Manchester,30,2024-10-03,Active,
U0282,Alexander,Thomas,,+1-333-824-9595,,Vancouver,,,Inactive,71.5
U0283,Noah,Harris,,+1-503-663-8859,United States,,50,2025-02-01,Inactive,
U0284,,Anderson,thomas.anderson396@outlook.com,,United Kingdom,Chicago,35,2025-06-16,Suspended,
U0285,David,Miller,david.miller268@protonmail.com,,,Toronto,50,,,76.9
U0286,,Johnson,,,,Birmingham,41,2025-01-14,Active,
U0287,Linda,Jackson,linda.jackson206@hotmail.com,+1-730-171-1606,Japan,Paris,40,2023-04-24,Suspended,6.4
U0288,,,susan.wilson557@hotmail.com,+1-558-777-7239,United States,Toronto,,,,60.5
U0289,Noah,,noah.anderson443@outlook.com,,,,,2025-06-29,,
U0290,Oliver,Garcia,oliver.garcia935@yahoo.com,,Italy,London,31,,Suspended,6.0
U0291,Jessica,Perez,jessica.perez793@outlook.com,+1-244-635-8366,,Mumbai,40,2025-07-25,Suspended,
U0292,Richard,Lopez,richard.lopez545@gmail.com,+1-743-798-2946,Brazil,Sydney,38,2025-12-11,Suspended,
U0293,Jessica,,jessica.ramirez714@hotmail.com,,Germany,Melbourne,68,,Suspended,81.4
U0294,Elizabeth,Johnson,,,,,56,,,
U0295,Charlotte,Thompson,,,France,Vancouver,40,,,
U0296,,,richard.thomas414@hotmail.com,+1-647-935-3754,Germany,,54,,Active,
U0297,,Lee,,,United States,Paris,53,2022-02-04,Active,5.1
U0298,Elizabeth,Taylor,elizabeth.taylor765@protonmail.com,+1-919-373-1393,Brazil,Osaka,,,Active,
U0299,,Davis,,,United States,Mumbai,,2023-07-24,Active,48.6
U0300,William,Gonzalez,william.gonzalez929@gmail.com,+1-438-157-3758,,,,,,
U0301,Elijah,Smith,elijah.smith230@outlook.com,+1-756-578-4061,,New York,41,2024-04-21,Inactive,
U0302,Liam,Martinez,liam.martinez974@yahoo.com,,France,Houston,58,2025-03-15,Inactive,
U0303,,Wilson,,,Japan,Sydney,58,2022-10-03,Active,75.1
U0304,,,logan.wilson600@outlook.com,,United States,Sydney,,,Active,94.1
U0305,,Smith,,+1-525-647-9990,France,Sao Paulo,39,,,
U0306,,,mason.williams552@hotmail.com,+1-683-378-5751,India,Osaka,,2024-07-17,Active,60.6
U0307,,Perez,mia.perez608@yahoo.com,,,Munich,51,2025-12-22,Inactive,84.0
U0308,Elizabeth,,,+1-271-855-8199,,London,45,2025-12-31,Active,
U0309,Liam,,,+1-656-614-2164,United Kingdom,,65,2020-09-03,Active,
U0310,Jennifer,Perez,jennifer.perez86@hotmail.com,+1-695-578-9658,,Vancouver,18,,,4.7
U0311,,Hernandez,,+1-975-961-1579,Brazil,Tokyo,56,2021-01-31,Inactive,13.3
U0312,Elijah,Martin,elijah.martin79@protonmail.com,+1-722-958-4766,Germany,Sao Paulo,,2025-07-16,Suspended,15.5
U0313,,Miller,jacob.miller115@yahoo.com,+1-234-743-4542,Japan,,,,Inactive,50.2
U0314,Alexander,,alexander.jackson162@outlook.com,,France,Osaka,,2026-05-20,Suspended,75.6
U0315,William,,,,Germany,Melbourne,20,2020-06-12,Suspended,5.0
U0316,Robert,,robert.clark138@outlook.com,+1-292-470-1578,,Los Angeles,30,,,
U0317,John,Wilson,john.wilson686@gmail.com,+1-513-600-1235,,Manchester,35,,Inactive,62.1
U0318,Susan,,,+1-267-600-7925,Italy,,,2023-04-03,Active,90.6
U0319,Emma,Smith,,,,,57,2025-08-09,Inactive,44.9
U0320,,,mason.clark869@hotmail.com,,India,Phoenix,41,2024-09-01,Suspended,46.1
U0321,,Hernandez,jennifer.hernandez141@hotmail.com,,,New York,40,2026-04-29,Active,78.7
U0322,Oliver,Thompson,oliver.thompson425@outlook.com,+1-267-777-1018,,Los Angeles,,,,21.7
U0323,Liam,,,+1-755-655-1958,Brazil,Melbourne,,2022-07-31,,93.7
U0324,,Smith,,+1-651-356-5352,Brazil,Sao Paulo,57,,Active,88.6
U0325,Alexander,Ramirez,alexander.ramirez747@yahoo.com,+1-663-967-4651,India,,30,,Active,26.2
U0326,Elizabeth,Miller,,,,Osaka,46,2021-08-21,,
U0327,Michael,Jackson,,,Canada,Lyon,70,2025-07-31,Suspended,70.2
U0328,,Gonzalez,james.gonzalez617@outlook.com,,France,Lyon,40,,Active,
U0329,Emma,Lewis,emma.lewis563@gmail.com,,,,,,Inactive,26.5
U0330,William,Harris,,+1-303-312-1387,United States,Mumbai,40,2024-02-25,,
U0331,Mia,,mia.thompson195@protonmail.com,+1-917-418-3837,Canada,Mumbai,49,2024-01-04,Active,53.6
U0332,,Garcia,susan.garcia181@gmail.com,,,Melbourne,60,,Inactive,9.5
U0333,Isabella,Lopez,,+1-927-457-3188,United Kingdom,Tokyo,64,2021-06-27,,48.1
U0334,Jacob,Thompson,jacob.thompson812@protonmail.com,,,Chicago,55,2022-12-20,Inactive,93.4
U0335,Thomas,,,+1-549-978-8725,Canada,,,2023-06-29,Suspended,
U0336,,,ava.sanchez654@yahoo.com,+1-899-648-1823,United Kingdom,Toronto,37,,Active,
U0337,Linda,Lewis,linda.lewis135@outlook.com,+1-474-735-6340,,Phoenix,59,2020-05-16,Active,23.3
U0338,Mary,Taylor,mary.taylor461@outlook.com,+1-784-830-5987,France,London,44,2025-02-14,Active,
U0339,,,jessica.rodriguez531@gmail.com,+1-609-768-7144,,Berlin,50,2025-08-11,,
U0340,William,,william.gonzalez13@gmail.com,+1-359-250-6424,Japan,Melbourne,,2026-05-09,Suspended,28.0
U0341,Sarah,,,+1-394-965-9984,Italy,Osaka,25,2026-01-15,,49.5
U0342,Mason,Johnson,,+1-745-418-4466,,Paris,50,2023-05-22,Active,29.0
U0343,Sophia,,,,India,,23,2026-06-01,,30.6
U0344,Jessica,Ramirez,jessica.ramirez617@hotmail.com,+1-875-834-4718,India,,34,2024-09-04,Suspended,
U0345,Thomas,Garcia,thomas.garcia591@gmail.com,,Canada,Toronto,,,Suspended,57.3
U0346,Richard,Rodriguez,,+1-616-678-1446,Brazil,New York,52,2023-02-19,Suspended,
U0347,Richard,Robinson,richard.robinson799@hotmail.com,+1-670-819-7016,Canada,,,2021-02-23,,82.1
U0348,Charles,,charles.martin138@hotmail.com,,United Kingdom,Tokyo,24,2022-12-22,Suspended,
U0349,Emma,Rodriguez,,+1-377-410-6312,Italy,,,,,42.2
U0350,Elijah,Harris,elijah.harris592@protonmail.com,+1-448-422-6064,,Sao Paulo,44,2022-09-21,Active,25.4
U0351,Evelyn,,evelyn.smith229@protonmail.com,,United Kingdom,,65,,Inactive,20.8
U0352,,Smith,,+1-767-738-8383,Australia,,65,2020-01-16,Active,97.8
U0353,,Anderson,william.anderson509@yahoo.com,+1-776-564-6055,,,,,Suspended,75.8
U0354,William,Taylor,william.taylor183@gmail.com,+1-959-758-8091,,Phoenix,45,2023-06-03,,5.7
U0355,,Garcia,michael.garcia174@outlook.com,+1-567-768-2542,Australia,,40,2021-10-06,,
U0356,James,Lewis,,+1-265-984-3541,Canada,,31,,Active,75.5
U0357,James,Martin,james.martin846@hotmail.com,+1-969-693-6130,United Kingdom,,21,2024-05-19,,14.2
U0358,Sarah,Clark,,+1-482-726-4112,United Kingdom,Lyon,49,,Suspended,41.0
U0359,,,elijah.rodriguez945@protonmail.com,+1-649-177-6154,,,70,,Suspended,31.5
U0360,Sophia,Johnson,sophia.johnson254@gmail.com,+1-260-220-5612,United States,Sydney,40,2021-09-17,Suspended,
U0361,,Miller,thomas.miller502@yahoo.com,+1-828-164-7547,,Los Angeles,23,2023-04-05,,68.9
U0362,,,mason.davis131@gmail.com,,Italy,Toronto,43,2021-12-13,,
U0363,,,barbara.martin302@gmail.com,+1-455-602-3744,India,New York,59,2021-05-06,,8.4
U0364,Mason,Thomas,,+1-898-569-9684,,,20,2025-06-11,,89.7
U0365,,,,+1-985-550-9412,,,70,2025-12-05,Inactive,31.2
U0366,Harper,,,+1-537-729-7190,,London,54,2020-06-12,Inactive,
U0367,,Lopez,liam.lopez186@outlook.com,,,London,27,2025-07-05,,20.0
U0368,,,olivia.jones918@yahoo.com,+1-943-280-9484,United Kingdom,Phoenix,59,2024-11-09,Suspended,
U0369,,Martinez,,+1-296-237-4109,Canada,Osaka,25,2023-07-23,Suspended,
U0370,Sarah,,,,United States,Sydney,,2021-04-28,,8.5
U0371,Jennifer,,jennifer.jones712@outlook.com,+1-500-300-6384,India,Mumbai,48,2022-08-15,Active,35.3
U0372,,Williams,,+1-310-387-1056,,,21,2020-02-06,Inactive,42.5
U0373,Olivia,,olivia.jackson162@yahoo.com,+1-849-169-2537,Canada,,,,Inactive,
U0374,,Ramirez,,+1-316-664-2071,,Mumbai,27,2022-07-29,Suspended,99.1
U0375,,Clark,,,,Birmingham,40,2025-04-08,,58.4
U0376,Lucas,Martin,lucas.martin986@gmail.com,,United Kingdom,,32,2024-05-28,,83.9
U0377,,,joseph.taylor342@yahoo.com,+1-504-771-2908,,Paris,38,,,
U0378,Thomas,,thomas.robinson788@gmail.com,+1-286-976-2141,,Berlin,69,2025-08-06,,42.6
U0379,Sarah,Thompson,sarah.thompson66@yahoo.com,+1-612-575-9107,Germany,New York,42,2025-10-23,Inactive,84.1
U0380,,,joseph.martinez191@hotmail.com,,Italy,,40,2025-11-27,Active,21.8
U0381,,Martinez,charlotte.martinez236@gmail.com,+1-935-518-7731,,,52,2020-03-08,Suspended,27.5
U0382,James,Rodriguez,,+1-317-312-7314,United Kingdom,Sydney,28,2025-11-30,,
U0383,James,Thomas,james.thomas83@outlook.com,,Australia,,62,2021-01-13,Suspended,24.4
U0384,Jacob,Taylor,jacob.taylor300@outlook.com,+1-316-403-8372,Italy,Munich,51,2025-03-26,Suspended,
U0385,Emma,Garcia,emma.garcia946@hotmail.com,+1-300-549-8038,Brazil,Munich,,2020-04-03,,
U0386,Charles,Clark,charles.clark593@hotmail.com,+1-834-412-1260,France,,,2025-10-15,Active,60.2
U0387,Liam,,,,,Tokyo,57,2022-12-31,Inactive,90.4
U0388,,Garcia,,,,Toronto,,,,92.3
U0389,Lucas,Martin,lucas.martin499@outlook.com,+1-703-140-5532,,,46,2021-05-29,Inactive,73.0
U0390,William,Garcia,william.garcia138@protonmail.com,+1-923-307-2438,Italy,Chicago,56,2025-02-19,Inactive,
U0391,Mary,Lewis,mary.lewis629@outlook.com,+1-812-379-1219,Japan,Paris,32,2025-08-01,Inactive,24.2
U0392,,Thompson,joseph.thompson404@outlook.com,+1-944-696-9064,Australia,,,2024-01-15,Suspended,2.5
U0393,Emma,Jones,,+1-957-810-3512,India,New York,,2024-10-16,Active,65.8
U0394,Amelia,Jones,amelia.jones935@outlook.com,+1-755-610-2815,India,Paris,52,2023-02-15,Active,77.3
U0395,Jennifer,Gonzalez,,+1-444-259-7453,Japan,Sydney,18,2024-10-31,Active,31.3
U0396,Richard,Miller,richard.miller579@outlook.com,+1-829-228-9463,Canada,,53,,Suspended,41.6
U0397,Thomas,Martin,,,,London,30,2023-05-07,Suspended,32.5
U0398,,Miller,linda.miller346@hotmail.com,+1-870-501-7582,Italy,,25,,Suspended,
U0399,Michael,Ramirez,,+1-820-993-1787,,,,2023-02-24,Suspended,96.8
U0400,Michael,Hernandez,,+1-678-931-2486,Germany,,21,2023-11-16,Suspended,85.3
U0401,Ethan,Jones,ethan.jones883@outlook.com,+1-972-872-3036,,,,2026-05-22,Inactive,
U0402,Charles,Lewis,charles.lewis353@protonmail.com,,Canada,Paris,62,2020-08-01,,57.0
U0403,,Thomas,karen.thomas57@protonmail.com,+1-396-122-1883,,Paris,,2021-01-07,Active,
U0404,Emma,,emma.hernandez83@hotmail.com,+1-821-289-9511,Italy,Birmingham,52,2025-01-30,,
U0405,,,,+1-500-572-8308,,Berlin,,2024-09-09,Inactive,6.3
U0406,Lucas,,lucas.sanchez70@outlook.com,+1-299-651-6453,United Kingdom,Los Angeles,42,,,
U0407,Mary,,mary.martin798@protonmail.com,+1-301-849-6575,,Osaka,26,2020-03-11,,66.7
U0408,Elizabeth,Wilson,elizabeth.wilson48@gmail.com,+1-936-514-9510,,,59,2022-02-15,,48.8
U0409,Lucas,,,,Italy,Melbourne,,2023-02-18,Active,
U0410,Charlotte,Sanchez,,+1-462-855-2051,Australia,Osaka,19,,Suspended,81.5
U0411,Joseph,,joseph.jackson836@outlook.com,+1-633-299-6838,,Melbourne,38,2021-11-17,,
U0412,,,mia.harris250@protonmail.com,+1-368-249-5679,Australia,Sao Paulo,,2025-02-05,Inactive,37.1
U0413,,,,+1-801-425-5002,,Phoenix,59,2020-05-13,,16.8
U0414,,Thompson,oliver.thompson526@outlook.com,+1-620-263-7334,Italy,,,2025-01-01,Suspended,80.6
U0415,Joseph,Lewis,,+1-472-359-2600,,Paris,60,,Inactive,25.3
U0416,,,jessica.perez680@outlook.com,+1-670-541-8515,Germany,Toronto,60,2022-09-19,,78.3
U0417,,Clark,jacob.clark322@yahoo.com,+1-398-894-3810,Canada,Paris,,2026-03-10,Suspended,68.2
U0418,Logan,,logan.clark540@hotmail.com,+1-322-239-8667,Brazil,Los Angeles,,2024-02-18,Inactive,27.0
U0419,Olivia,Thomas,olivia.thomas380@protonmail.com,+1-976-504-7589,Australia,Manchester,34,2024-03-09,,11.9
U0420,Olivia,,olivia.davis591@yahoo.com,+1-693-829-3793,United Kingdom,Berlin,,2024-08-09,Active,17.0
U0421,Liam,,liam.lewis217@hotmail.com,+1-273-681-5192,France,,30,2023-02-15,,58.7
U0422,Lucas,Wilson,lucas.wilson992@hotmail.com,+1-768-928-1755,,,,,Suspended,31.4
U0423,Amelia,White,,+1-492-963-7555,Germany,Chicago,69,2021-05-23,Inactive,33.2
U0424,Logan,Ramirez,logan.ramirez683@hotmail.com,+1-507-328-2093,India,Birmingham,61,2022-04-02,Inactive,
U0425,Ethan,,,+1-846-670-9669,United Kingdom,Berlin,,2025-07-22,Inactive,10.3
U0426,,Davis,ava.davis814@outlook.com,+1-781-666-8953,United Kingdom,,,2023-08-04,Active,64.7
U0427,Jessica,Jones,jessica.jones620@hotmail.com,+1-931-758-4316,United Kingdom,London,25,2023-11-25,,69.3
U0428,Ethan,,ethan.jones12@outlook.com,+1-700-631-5597,,,26,2022-05-17,,
U0429,,Jackson,sophia.jackson10@yahoo.com,+1-663-818-5147,Canada,Munich,59,,Suspended,81.2
U0430,Noah,Miller,noah.miller549@outlook.com,+1-990-562-2660,Japan,Vancouver,25,2026-01-17,,25.3
U0431,Joseph,,joseph.thompson922@outlook.com,,,Paris,47,2023-01-14,Active,77.5
U0432,Charlotte,,charlotte.rodriguez576@outlook.com,+1-892-578-8199,Germany,Manchester,,2021-08-29,Active,65.2
U0433,,,,,Italy,London,25,,Inactive,89.6
U0434,David,,david.robinson894@outlook.com,+1-366-793-1963,India,Houston,56,,Active,37.0
U0435,Oliver,Jones,,+1-882-631-2941,Brazil,Sydney,,,,
U0436,,White,,+1-379-765-7469,,,51,,Inactive,98.3
U0437,,Martinez,evelyn.martinez663@yahoo.com,+1-849-726-4548,Japan,Tokyo,57,,Inactive,
U0438,Robert,Lewis,robert.lewis305@protonmail.com,,,,,2024-01-21,Suspended,53.5
U0439,Joseph,,joseph.thomas891@gmail.com,+1-910-487-5968,Italy,Manchester,29,2025-11-07,Inactive,24.9
U0440,,Lopez,,+1-246-749-7034,Brazil,,38,2024-12-10,,17.2
U0441,Isabella,Williams,,+1-937-739-7108,,Lyon,46,2024-10-20,Inactive,
U0442,Liam,Davis,liam.davis762@protonmail.com,+1-405-840-7075,Italy,Sao Paulo,26,2021-11-13,Suspended,66.4
U0443,Elijah,Harris,elijah.harris460@yahoo.com,,,Tokyo,64,2024-06-01,Active,68.3
U0444,,Smith,sophia.smith230@outlook.com,,United States,,,2025-09-03,Active,43.1
U0445,John,Thompson,john.thompson622@protonmail.com,+1-496-847-1082,,Sao Paulo,38,2021-09-09,Inactive,95.4
U0446,Isabella,Lewis,isabella.lewis403@yahoo.com,+1-390-228-5241,Australia,Munich,,,Suspended,27.4
U0447,,Smith,,,Germany,Birmingham,58,2025-11-15,,8.2
U0448,William,Smith,william.smith208@gmail.com,+1-674-134-9303,United Kingdom,Houston,43,,Suspended,51.4
U0449,Susan,Sanchez,susan.sanchez511@yahoo.com,,Canada,Melbourne,30,2021-01-22,Inactive,21.6
U0450,Oliver,,oliver.martin2@outlook.com,+1-251-610-7971,Brazil,Birmingham,70,2024-09-09,,17.2
U0451,Sarah,,sarah.garcia197@yahoo.com,+1-637-310-3633,,,,,Inactive,87.5
U0452,,Thompson,,+1-479-519-7367,United Kingdom,Mumbai,21,2026-04-19,Active,
U0453,Barbara,Wilson,barbara.wilson53@gmail.com,+1-437-962-8268,,Phoenix,38,,Active,
U0454,,,noah.martinez127@hotmail.com,+1-459-715-6473,United States,Phoenix,27,,,62.9
U0455,,Davis,alexander.davis92@outlook.com,+1-668-605-2238,United Kingdom,Berlin,36,2020-08-14,Active,85.9
U0456,William,,william.sanchez627@hotmail.com,+1-588-959-7153,Australia,London,37,2021-01-03,Inactive,8.7
U0457,Jennifer,Jackson,jennifer.jackson771@hotmail.com,+1-679-481-1705,,,,2022-04-18,,
U0458,,Lewis,,+1-614-671-3771,India,Tokyo,,2023-11-15,,
U0459,,Sanchez,thomas.sanchez966@gmail.com,+1-248-792-2205,Japan,Birmingham,40,2024-02-25,Inactive,
U0460,Ava,Jackson,ava.jackson217@outlook.com,+1-258-349-6854,United Kingdom,Sao Paulo,23,2026-04-10,Suspended,7.3
U0461,James,,james.gonzalez545@yahoo.com,,,,27,2024-11-12,Suspended,
U0462,,Taylor,,+1-876-322-7074,Italy,Birmingham,30,2020-05-03,Suspended,29.2
U0463,Joseph,Rodriguez,,,,Birmingham,,2022-12-05,Inactive,43.2
U0464,Logan,,logan.thomas3@yahoo.com,+1-546-879-6214,,New York,58,2021-03-09,,64.9
U0465,Robert,,robert.smith782@yahoo.com,+1-721-958-6610,United States,Birmingham,61,2024-10-02,Suspended,94.2
U0466,James,,,,United Kingdom,Manchester,52,2023-07-22,Suspended,39.3
U0467,Sarah,Ramirez,sarah.ramirez453@protonmail.com,+1-577-786-9716,,,63,,Active,
U0468,Joseph,Lee,joseph.lee361@gmail.com,+1-862-401-1943,Italy,Lyon,52,,Inactive,37.5
U0469,Mia,Jones,mia.jones999@hotmail.com,,Japan,Berlin,57,2022-11-21,Inactive,
U0470,Elizabeth,Smith,elizabeth.smith369@outlook.com,+1-349-133-1053,France,Osaka,50,2022-09-24,Active,59.7
U0471,Barbara,,barbara.perez516@yahoo.com,,United Kingdom,New York,,,,28.6
U0472,Mason,Johnson,mason.johnson721@protonmail.com,+1-903-326-1754,United Kingdom,Mumbai,54,,Inactive,18.3
U0473,Logan,,,+1-376-909-6341,United Kingdom,,18,2021-04-10,Suspended,69.0
U0474,Elizabeth,Rodriguez,elizabeth.rodriguez573@hotmail.com,+1-882-298-5867,Italy,Houston,44,,Inactive,54.3
U0475,Michael,Gonzalez,,+1-813-573-7758,India,,28,2025-10-02,Active,39.7
U0476,,,harper.jackson688@protonmail.com,,,Toronto,34,2022-09-09,Active,
U0477,Robert,,robert.hernandez469@hotmail.com,+1-469-968-2224,India,Los Angeles,45,2025-02-16,,88.7
U0478,Thomas,Martinez,thomas.martinez449@hotmail.com,+1-488-316-4484,,Birmingham,70,2023-05-14,Inactive,96.6
U0479,Amelia,White,amelia.white251@outlook.com,+1-334-775-8854,,,,2025-09-20,Inactive,81.0
U0480,Alexander,,alexander.jackson713@outlook.com,,United States,Phoenix,,2025-11-02,Suspended,58.4
U0481,,,ethan.lopez865@yahoo.com,+1-949-806-8302,,,47,2022-07-29,Inactive,33.9
U0482,,,,+1-509-875-9259,United States,Houston,,2025-04-08,,52.1
U0483,Sophia,,sophia.thompson804@gmail.com,+1-217-969-4834,,New York,56,2021-12-26,Active,
U0484,Evelyn,,evelyn.smith250@gmail.com,,,Paris,,2022-02-26,,68.9
U0485,Logan,Lee,logan.lee225@outlook.com,+1-518-810-5516,United States,Sydney,,2021-08-26,Inactive,54.3
U0486,Michael,,michael.johnson917@yahoo.com,,United Kingdom,,58,2022-04-23,Suspended,97.9
U0487,David,,david.white726@hotmail.com,+1-575-333-4236,Brazil,Manchester,,2023-01-07,Suspended,41.6
U0488,Jacob,Moore,jacob.moore300@gmail.com,+1-315-693-5317,United States,,45,,Active,54.1
U0489,,Ramirez,david.ramirez264@gmail.com,,,,,2023-07-04,,0.3
U0490,,Rodriguez,emma.rodriguez86@yahoo.com,+1-762-990-7383,Australia,,51,,Active,60.7
U0491,,Jones,elijah.jones699@protonmail.com,+1-822-248-6094,Japan,,35,2024-06-27,,83.2
U0492,Elijah,Smith,elijah.smith255@yahoo.com,+1-674-304-8654,United Kingdom,London,66,2025-12-17,,
U0493,Charlotte,,charlotte.white661@hotmail.com,,India,,,2021-10-23,Active,46.1
U0494,Jennifer,Martinez,jennifer.martinez154@outlook.com,,Brazil,London,62,2023-07-25,Inactive,73.9
U0495,Mason,Ramirez,,+1-395-235-8702,,Phoenix,42,2024-11-07,,63.8
U0496,Liam,,,+1-710-576-6917,Brazil,Houston,23,2022-04-08,,49.3
U0497,Lucas,Anderson,lucas.anderson133@protonmail.com,+1-248-861-8482,United States,,,2025-10-28,Active,32.8
U0498,William,,,,India,,18,2025-07-19,Inactive,26.0
U0499,,Anderson,,,France,Phoenix,23,,Suspended,85.4
U0500,Evelyn,Brown,,+1-242-186-2878,,Sydney,,2025-06-18,,45.6
